PROLIFIC_PID,Age,Sex,Colourblindness,Vision,Country_of_residence,Student_status,Employment_status,Time_taken_seconds,Time_taken_minutes,Included,Exclusion_reason
5eec6fe1a0f1c4000a8103b2,22,Female,"No, I have no issues seeing colours",Yes,United States,No,Full-Time,1774,29.566666666666666,True,
6757688470f9e929a8ea7d90,21,Male,"No, I have no issues seeing colours",Yes,United States,No,Part-Time,3122,52.03333333333333,True,
6699c7aea5e77f24097879b7,29,Female,"No, I have no issues seeing colours",Yes,United States,No,"Not in paid work (e.g. homemaker', 'retired or disabled)",1676,27.933333333333334,True,
666640831e2f8d963f8c528f,25,Male,"No, I have no issues seeing colours",Yes,United Kingdom,No,Due to start a new job within the next month,2423,40.38333333333333,True,
6110b58d7063061e373e2fbc,28,Female,"No, I have no issues seeing colours",Yes,United States,No,Full-Time,2367,39.45,True,
5e80b109ca1800791e1ca40c,28,Female,"No, I have no issues seeing colours",Yes,United Kingdom,NA,NA,2184,36.4,True,
672ff021dad78d519a50f64a,23,Female,"No, I have no issues seeing colours",Yes,United States,No,Due to start a new job within the next month,3059,50.983333333333334,True,
673a70491f1992a774b72caa,23,Female,"No, I have no issues seeing colours",Yes,United Kingdom,Yes,Part-Time,5087,84.78333333333333,True,
6783e8710446ee858344b1b2,22,Female,"No, I have no issues seeing colours",Yes,United States,Yes,Part-Time,1903,31.716666666666665,True,
66c4a2414f979ae2a78a8adc,33,Male,"No, I have no issues seeing colours",Yes,United Kingdom,Yes,Unemployed (and job seeking),2289,38.15,True,
5f1273be29b0711c3cff250f,21,Female,"No, I have no issues seeing colours",Yes,United States,Yes,Other,1968,32.8,True,
6786d6d81286c8386e009009,19,Female,"No, I have no issues seeing colours",Yes,United States,No,Part-Time,2750,45.833333333333336,True,
673f18bb08e7ff5ef549e488,24,Female,"No, I have no issues seeing colours",Yes,United Kingdom,No,Part-Time,3608,60.13333333333333,True,
674e978e575eccb8dd86167b,25,Female,"No, I have no issues seeing colours",Yes,United States,Yes,Part-Time,2758,45.96666666666667,True,
63d5decffe6025fec6a381b0,33,Male,"No, I have no issues seeing colours",Yes,United Kingdom,No,Other,2108,35.13333333333333,True,
6655fd511b6c8d1fd05de12d,33,Female,"No, I have no issues seeing colours",Yes,United States,No,Full-Time,3056,50.93333333333333,True,
60641cdc8536a607a60e0612,22,Female,"No, I have no issues seeing colours",Yes,United States,No,"Not in paid work (e.g. homemaker', 'retired or disabled)",2217,36.95,True,
653d3b418bce22526d2639b4,33,Male,"No, I have no issues seeing colours",Yes,United States,No,Unemployed (and job seeking),1735,28.916666666666668,True,
610b06f1534fdc7ce455d168,26,Female,"No, I have no issues seeing colours",Yes,United States,No,Unemployed (and job seeking),1972,32.86666666666667,True,
66e2a683a6aed2b156557f9d,20,Female,"No, I have no issues seeing colours",Yes,United Kingdom,Yes,Unemployed (and job seeking),2098,34.96666666666667,True,
66370a20a4b5b1a460904760,28,Male,"No, I have no issues seeing colours",Yes,United States,No,Unemployed (and job seeking),2157,35.95,True,
67719f52af5175c7f6b1c990,28,Female,"No, I have no issues seeing colours",Yes,United Kingdom,Yes,Part-Time,2724,45.4,True,
62ffa989dbd072768cd2a14e,29,Male,"No, I have no issues seeing colours",Yes,United States,NA,NA,5169,86.15,True,
678ba680eefc2d7fd8559a03,21,Male,"No, I have no issues seeing colours",Yes,United States,No,Full-Time,3007,50.11666666666667,True,
5d27851db6eb920018a5fb27,30,Female,"No, I have no issues seeing colours",Yes,United States,NA,NA,2205,36.75,True,
678c417ed431a331d3f547ec,22,Male,"No, I have no issues seeing colours",Yes,United States,Yes,Part-Time,1572,26.2,True,
6761934aa62aae0c93863233,32,Male,"No, I have no issues seeing colours",Yes,United States,No,Full-Time,1847,30.783333333333335,True,
676d592187581f23f60331bb,29,Male,"No, I have no issues seeing colours",Yes,United Kingdom,No,Full-Time,5771,96.18333333333334,True,
66bfd3867e3dd5e2c19650b9,28,Male,"No, I have no issues seeing colours",Yes,United Kingdom,No,Unemployed (and job seeking),2753,45.88333333333333,True,
62861bcc5f0edf6340c914df,32,Female,"No, I have no issues seeing colours",Yes,United Kingdom,No,NA,1786,29.766666666666666,True,
66972752027327f711a5e612,25,Male,"No, I have no issues seeing colours",Yes,United States,No,Full-Time,1983,33.05,True,
6776957e09a543d5a21c521a,23,Male,"No, I have no issues seeing colours",Yes,United States,Yes,Unemployed (and job seeking),3165,52.75,True,
671d2abf2ba7384f9b45678a,22,Male,"No, I have no issues seeing colours",Yes,United States,Yes,Part-Time,2218,36.96666666666667,True,
6766b76b0b5bf9820e277b72,35,Female,"No, I have no issues seeing colours",Yes,United States,No,Other,2764,46.06666666666667,True,
67529d0aecb73bfe140d521f,30,Male,"No, I have no issues seeing colours",Yes,United Kingdom,NA,NA,3018,50.3,True,
6705779b28e9a54f7b3b3535,32,Male,"No, I have no issues seeing colours",Yes,United States,No,Full-Time,1745,29.083333333333332,True,
66ae394dd6f0020399d3b887,28,Male,"No, I have no issues seeing colours",Yes,United States,No,Unemployed (and job seeking),1489,24.816666666666666,True,
6647e8618c77f7b938865d25,35,Male,"No, I have no issues seeing colours",Yes,United Kingdom,NA,Full-Time,1984,33.06666666666667,True,
678a5c44e1295faaebfc8ee4,24,Male,"No, I have no issues seeing colours",Yes,United States,Yes,Part-Time,2732,45.53333333333333,True,
678fa1020e5289062a7e76f0,25,Female,"No, I have no issues seeing colours",Yes,United States,No,Full-Time,2864,47.733333333333334,True,
64013a8e233aaa42388c821f,27,Male,"No, I have no issues seeing colours",Yes,United States,No,Other,2106,35.1,True,
5ec0260375bf15077a00e645,27,Female,"No, I have no issues seeing colours",Yes,United Kingdom,No,Unemployed (and job seeking),1973,32.88333333333333,True,
669adbdb7e97d6e53cb2d924,30,Male,"No, I have no issues seeing colours",Yes,United States,Yes,Full-Time,2175,36.25,True,
5eddaa6d115bb4ac7e59f153,33,Female,"No, I have no issues seeing colours",Yes,United Kingdom,No,Full-Time,1633,27.216666666666665,True,
6751f6e990f3b3698bf1748b,29,Female,"No, I have no issues seeing colours",Yes,United Kingdom,Yes,Part-Time,2786,46.43333333333333,True,
668ddafedbce64d6094e759e,32,Female,"No, I have no issues seeing colours",Yes,United States,No,Full-Time,1865,31.083333333333332,True,
667af5cc382d3037050e3632,28,Female,"No, I have no issues seeing colours",Yes,United States,No,Full-Time,2385,39.75,True,
678e9a84c6c7879d007bbf4e,29,Female,"No, I have no issues seeing colours",Yes,United States,No,Full-Time,2362,39.36666666666667,True,
5e4e844553bc702cdf68404d,26,Female,"No, I have no issues seeing colours",Yes,United States,No,Unemployed (and job seeking),2342,39.03333333333333,True,
673d1231929c7a0a6138a5c1,29,Female,"No, I have no issues seeing colours",Yes,United States,Yes,Unemployed (and job seeking),1799,29.983333333333334,True,
6761312f87e4c57c3259eb11,33,Female,"No, I have no issues seeing colours",Yes,United Kingdom,No,Part-Time,2246,37.43333333333333,True,
6535d3f1b4ff80adff474548,30,Female,"No, I have no issues seeing colours",Yes,United States,Yes,Full-Time,1498,24.966666666666665,True,
675aaec58dfc729c338a52eb,21,Female,"No, I have no issues seeing colours",Yes,United States,Yes,Part-Time,1792,29.866666666666667,True,
678dfec50cc874af0b76ab04,22,Male,"No, I have no issues seeing colours",Yes,United States,No,Full-Time,5129,85.48333333333333,True,
6643bef326f3a4026c0ab2b6,33,Female,"No, I have no issues seeing colours",Yes,United States,No,Full-Time,1828,30.466666666666665,True,
66a508e29deb15f57d4458f1,34,Male,"No, I have no issues seeing colours",Yes,United States,No,Full-Time,2382,39.7,True,
6636a7456e7f277f59dda9bd,31,Female,"No, I have no issues seeing colours",Yes,United States,No,Full-Time,1963,32.71666666666667,True,
61140d2c5d85c524932a2c59,27,Female,"No, I have no issues seeing colours",Yes,United States,No,Part-Time,1787,29.783333333333335,True,
63d7fb6ee49281f6c41d6630,29,Male,"No, I have no issues seeing colours",Yes,United States,NA,NA,1824,30.4,True,
67147a6a2c208253099ab82b,26,Female,"No, I have no issues seeing colours",Yes,United States,No,Full-Time,1947,32.45,True,
5e7987df47422a5443426cd7,22,Female,"No, I have no issues seeing colours",Yes,United Kingdom,Yes,Part-Time,1701,28.35,True,
6773f4dfb59cda6e2414cb19,35,Male,"No, I have no issues seeing colours",Yes,United States,No,Full-Time,2669,44.483333333333334,True,
677bbfba3b742e3a5bf9a5e7,28,Female,"No, I have no issues seeing colours",Yes,United Kingdom,No,Other,3176,52.93333333333333,True,
67704d25c22e3bfcf98ab4fc,19,Female,"No, I have no issues seeing colours",Yes,United States,Yes,Part-Time,1851,30.85,True,
67683d2ef4617ea5d90b7539,20,Female,"No, I have no issues seeing colours",Yes,United States,No,Full-Time,2226,37.1,True,
663a80393a72dac091c817b5,28,Female,"No, I have no issues seeing colours",Yes,United States,NA,Part-Time,1624,27.066666666666666,True,
66439d339e8b25efa8cb4b9a,33,Female,"No, I have no issues seeing colours",Yes,United States,No,"Not in paid work (e.g. homemaker', 'retired or disabled)",2701,45.016666666666666,True,
678dbad423480901e47ad481,31,Male,"No, I have no issues seeing colours",Yes,United States,No,Full-Time,1719,28.65,True,
678f7fd7097858093f4a9540,22,Male,"No, I have no issues seeing colours",Yes,United Kingdom,Yes,Full-Time,3200,53.333333333333336,True,
656cef93133dd04969014614,28,Male,"No, I have no issues seeing colours",Yes,United States,No,Unemployed (and job seeking),3304,55.06666666666667,True,
66dd9c5b1c02410a87c068e5,24,Male,"No, I have no issues seeing colours",Yes,United States,No,Part-Time,2409,40.15,True,
664993e12a5b629050529e17,32,Female,"No, I have no issues seeing colours",Yes,United States,No,Other,2452,40.86666666666667,True,
5d96eeed1998fb00177f6b71,28,Female,"No, I have no issues seeing colours",Yes,United States,NA,NA,5067,84.45,True,
66ace0fa42d9a6710036025c,32,Female,"No, I have no issues seeing colours",Yes,United States,Yes,Full-Time,1707,28.45,True,
61008f090e777a2b47f1ad76,21,Male,"No, I have no issues seeing colours",Yes,United States,No,Full-Time,1450,24.166666666666668,True,
56c15833eb5b22000d5babba,35,Female,"No, I have no issues seeing colours",Yes,United States,NA,Part-Time,2295,38.25,True,
55a9f6a1fdf99b2d81b5295f,31,Female,"No, I have no issues seeing colours",Yes,United States,No,Other,4838,80.63333333333334,True,
651d64f5eb4ac4993ecc5abd,30,Female,"No, I have no issues seeing colours",Yes,United States,Yes,Full-Time,1576,26.266666666666666,True,
651b43625c3bc6e2217a7e24,29,Female,"No, I have no issues seeing colours",Yes,United States,Yes,Unemployed (and job seeking),1717,28.616666666666667,True,
6742ecbc50ae979ed5099784,19,Male,"No, I have no issues seeing colours",Yes,United Kingdom,Yes,Other,2379,39.65,True,
670d6526115bb30df10ebd72,30,Female,"No, I have no issues seeing colours",Yes,United Kingdom,No,Part-Time,5709,95.15,True,
661ae93e33b51f5d31a8c3bb,27,Male,"No, I have no issues seeing colours",Yes,United States,No,Full-Time,2985,49.75,True,
677f7658861507001fe69579,21,Female,"No, I have no issues seeing colours",Yes,United States,Yes,"Not in paid work (e.g. homemaker', 'retired or disabled)",1752,29.2,True,
667998e5c55fe7def1eb7496,32,Female,"No, I have no issues seeing colours",Yes,United States,No,Full-Time,1455,24.25,True,
655f8b959477c803eb906622,21,Female,"No, I have no issues seeing colours",Yes,United States,Yes,Unemployed (and job seeking),2527,42.11666666666667,True,
66ee186efc9a208ef9446a30,28,Male,"No, I have no issues seeing colours",Yes,United States,No,Unemployed (and job seeking),2380,39.666666666666664,True,
6779d0e560ce37d982f31caf,27,Male,"No, I have no issues seeing colours",Yes,United States,Yes,NA,2090,34.833333333333336,True,
678a318061025ebe627384b6,27,Male,"No, I have no issues seeing colours",Yes,United Kingdom,No,Full-Time,5058,84.3,True,
677d3cc83d0aa6a39541f5d6,27,Female,"No, I have no issues seeing colours",Yes,United States,No,Full-Time,2333,38.88333333333333,True,
669b00d76af70db9da1b0301,20,Female,"No, I have no issues seeing colours",Yes,United States,Yes,Unemployed (and job seeking),3770,62.833333333333336,True,
677614004b333b9a50de9d41,24,Female,"No, I have no issues seeing colours",Yes,United States,No,Unemployed (and job seeking),3946,65.76666666666667,True,
6784b7b57a26bfddbafe40e6,27,Male,"No, I have no issues seeing colours",Yes,United Kingdom,Yes,Part-Time,4588,76.46666666666667,True,
67352f08f3ab886418574a6a,22,Female,"No, I have no issues seeing colours",Yes,United States,Yes,Part-Time,1565,26.083333333333332,True,
60d3d517873ac00f2ed811e5,23,Female,"No, I have no issues seeing colours",Yes,United Kingdom,No,Unemployed (and job seeking),1694,28.233333333333334,True,
674e0771f3216542d0539c7b,22,Female,"No, I have no issues seeing colours",Yes,United States,Yes,Part-Time,1721,28.683333333333334,True,
666dd3d9e53e0ff59d7cc164,20,Female,"No, I have no issues seeing colours",Yes,United States,Yes,Unemployed (and job seeking),3109,51.81666666666667,True,
62964d27c2b2866faa677493,35,Male,"No, I have no issues seeing colours",Yes,United States,No,Full-Time,2549,42.483333333333334,True,
65d5d1d59bfc5f7fcbbd742d,26,Female,"No, I have no issues seeing colours",Yes,United States,No,Due to start a new job within the next month,1960,32.666666666666664,True,
6759fd05e4ade779f4ee4689,20,Male,"No, I have no issues seeing colours",Yes,United States,NA,Part-Time,2518,41.96666666666667,True,
677f26f141f0ce49707accc6,28,Male,"No, I have no issues seeing colours",Yes,United Kingdom,No,Full-Time,3804,63.4,True,
674083da048a73d78070ea5b,22,Male,"No, I have no issues seeing colours",Yes,United States,No,Full-Time,3313,55.21666666666667,True,
66c9071f0a3b0e1d3a041c01,25,Female,"No, I have no issues seeing colours",Yes,United States,Yes,Part-Time,2146,35.766666666666666,True,
60a1e1f4a3707c983a98f185,32,Female,"No, I have no issues seeing colours",Yes,United States,No,Full-Time,1794,29.9,True,
5f81fc9446ee002f681ea5e3,30,Female,"No, I have no issues seeing colours",Yes,United States,No,Part-Time,3892,64.86666666666666,True,
65a4598a91a3f0e75374a8c4,30,Female,"No, I have no issues seeing colours",Yes,United States,No,Part-Time,3290,54.833333333333336,True,
675f432df87b18ecba0964f4,22,Male,"No, I have no issues seeing colours",Yes,United Kingdom,No,Part-Time,2643,44.05,True,
676379302839a2e46a4d6de5,29,Male,"No, I have no issues seeing colours",Yes,United States,No,Full-Time,1441,24.016666666666666,True,
66dd097265650e0dec23231f,34,Male,"No, I have no issues seeing colours",Yes,United States,No,Full-Time,1877,31.283333333333335,True,
66bab7aa032ffe5aeb0a3834,27,Male,"No, I have no issues seeing colours",Yes,United States,Yes,Part-Time,3344,55.733333333333334,True,
66049315b5c325fdaafea8fa,29,Female,"No, I have no issues seeing colours",Yes,United States,No,Full-Time,2439,40.65,True,
66f198a897fe47706e8cdfd2,18,Male,"No, I have no issues seeing colours",Yes,United States,Yes,Unemployed (and job seeking),1912,31.866666666666667,True,
66243f204cef464daff99f8d,27,Male,"No, I have no issues seeing colours",Yes,United States,NA,NA,1826,30.433333333333334,True,
63ebd39a63bb79b50d438ab7,28,Male,"No, I have no issues seeing colours",Yes,United Kingdom,No,Full-Time,3477,57.95,True,
5e375b7e76397a6f27f9547f,31,Female,"No, I have no issues seeing colours",Yes,United States,No,Full-Time,1507,25.116666666666667,True,
676d40e2915d059bf7ef62e8,32,Male,"No, I have no issues seeing colours",Yes,United Kingdom,Yes,Part-Time,4008,66.8,True,
6738c218706186b3fe8e8f56,31,Female,"No, I have no issues seeing colours",Yes,United Kingdom,Yes,Full-Time,3775,62.916666666666664,True,
5edc7aed858a159580341afa,32,Female,"No, I have no issues seeing colours",Yes,United States,No,NA,2069,34.483333333333334,True,
6750c18b7e2026c4edd0ad26,22,Male,"No, I have no issues seeing colours",Yes,United Kingdom,No,Part-Time,2715,45.25,True,
66e7a85e45c1132f1e2d12b6,25,Female,"No, I have no issues seeing colours",Yes,United States,No,Full-Time,1837,30.616666666666667,True,
6721aeda53346fd7b593efd7,25,Male,"No, I have no issues seeing colours",Yes,United States,Yes,Part-Time,1928,32.13333333333333,True,
561487ad7ffc8a0012812266,34,Female,"No, I have no issues seeing colours",Yes,United States,No,Part-Time,1983,33.05,True,
66733b0613db805ab4f05114,30,Male,"No, I have no issues seeing colours",Yes,United States,No,Full-Time,2207,36.78333333333333,True,
675402ab00652943d80d7ddb,22,Male,"No, I have no issues seeing colours",Yes,United States,Yes,Other,3028,50.46666666666667,True,
677fafc0a5ea31abbf20ebad,31,Male,"No, I have no issues seeing colours",Yes,United States,No,Full-Time,3848,64.13333333333334,True,
66cfb812269143794dc55575,23,Male,"No, I have no issues seeing colours",Yes,United States,No,Part-Time,1729,28.816666666666666,True,
61233706eb1ec697c18d5aef,23,Female,"No, I have no issues seeing colours",Yes,United States,No,Part-Time,1225,20.416666666666668,True,
6575c6e1563027adb8f299cb,20,Male,"No, I have no issues seeing colours",Yes,United Kingdom,NA,Unemployed (and job seeking),1743,29.05,True,
610466e3fb619bdbdf8eb32d,24,Female,"No, I have no issues seeing colours",Yes,United States,No,Part-Time,3869,64.48333333333333,True,
6659f937e570ab09f05021a3,31,Female,"No, I have no issues seeing colours",Yes,United Kingdom,No,Full-Time,1701,28.35,True,
5e968e6744b6d010b16540a4,27,Male,"No, I have no issues seeing colours",Yes,United Kingdom,No,Unemployed (and job seeking),2316,38.6,True,
5630b79b733ea00011164946,28,Male,"No, I have no issues seeing colours",Yes,United Kingdom,No,Part-Time,1862,31.033333333333335,True,
6766a8b9f2f6140bdb9fab39,28,Male,"No, I have no issues seeing colours",Yes,United States,No,Full-Time,2828,47.13333333333333,True,
5dd671942b033b5ec8bc97b4,26,Male,"No, I have no issues seeing colours",Yes,United States,No,Full-Time,2990,49.833333333333336,True,
672d770786fa273d84b761d2,23,Female,"No, I have no issues seeing colours",Yes,United States,No,Full-Time,1971,32.85,True,
678e5e240021ccd474206641,28,Male,"No, I have no issues seeing colours",Yes,United States,No,Part-Time,3751,62.516666666666666,True,
671983e8022d66fd0242265b,33,Female,"No, I have no issues seeing colours",Yes,United States,No,Full-Time,1594,26.566666666666666,True,
66849ebd4dd65cfd282d2ad5,27,Male,"No, I have no issues seeing colours",Yes,United States,Yes,Unemployed (and job seeking),2568,42.8,True,
677d1f4f3c247c1a7a6fb57f,21,Female,"No, I have no issues seeing colours",Yes,United States,No,Part-Time,2306,38.43333333333333,True,
674ca6e73e98a96de2cda112,32,Female,"No, I have no issues seeing colours",Yes,United States,No,Full-Time,2061,34.35,True,
6170cb31c3656859cca7cc57,26,Male,"No, I have no issues seeing colours",Yes,United Kingdom,Yes,Unemployed (and job seeking),1871,31.183333333333334,True,
6547bf8012d4702680d55663,23,Prefer not to say,"No, I have no issues seeing colours",Yes,United States,Yes,"Not in paid work (e.g. homemaker', 'retired or disabled)",2120,35.333333333333336,True,
5b8bf5dd7b334200011da4aa,25,Female,"No, I have no issues seeing colours",Yes,United Kingdom,No,Full-Time,1785,29.75,True,
663ec602f5dc7af6ccc1c2d0,23,Female,"No, I have no issues seeing colours",Yes,United States,Yes,Full-Time,2487,41.45,True,
6127017baee75f10aa174139,24,Female,"No, I have no issues seeing colours",Yes,United States,Yes,Full-Time,2064,34.4,True,
6668d4917e343a318af11adf,26,Male,"No, I have no issues seeing colours",Yes,United Kingdom,No,Full-Time,2830,47.166666666666664,True,
678b3480eed43ba29dc48ed5,20,Male,"No, I have no issues seeing colours",Yes,United States,No,Full-Time,1518,25.3,True,
677412c094eeb8f1992fc3ae,20,Female,"No, I have no issues seeing colours",Yes,United Kingdom,No,Unemployed (and job seeking),2049,34.15,True,
65fa95fafeda35caf378b6f9,22,Male,"No, I have no issues seeing colours",Yes,United States,No,Unemployed (and job seeking),2097,34.95,True,
67759a26b7a5424ec5d0c0a1,29,Male,"No, I have no issues seeing colours",Yes,United Kingdom,No,Full-Time,2198,36.63333333333333,True,
66463d3560eac977430ac716,21,Female,"No, I have no issues seeing colours",Yes,United States,Yes,Part-Time,1715,28.583333333333332,True,
672d053f3563ff089759a66f,27,Male,"No, I have no issues seeing colours",Yes,United States,No,Full-Time,5599,93.31666666666666,True,
678553764d429ce5b3d40f4c,21,Female,"No, I have no issues seeing colours",Yes,United States,Yes,Unemployed (and job seeking),1853,30.883333333333333,True,
664d46ad7cc1780eecfd0c24,25,Male,"No, I have no issues seeing colours",Yes,United States,No,Full-Time,1794,29.9,True,
5d47901043518d0017bf3c04,27,Female,"No, I have no issues seeing colours",Yes,United Kingdom,No,"Not in paid work (e.g. homemaker', 'retired or disabled)",1496,24.933333333333334,True,
6786177b26851e38285d94a1,20,Female,"No, I have no issues seeing colours",Yes,United States,Yes,Other,1955,32.583333333333336,True,
6716dbc5faa8d435d67f0ed7,26,Female,"No, I have no issues seeing colours",Yes,United States,Yes,Part-Time,2720,45.333333333333336,True,
678aa22eb5db2af9be397452,32,Female,"No, I have no issues seeing colours",Yes,United Kingdom,No,Part-Time,2413,40.21666666666667,True,
66f6e3a582de0614bd19b481,30,Female,"No, I have no issues seeing colours",Yes,United States,No,Unemployed (and job seeking),2798,46.63333333333333,True,
678c0db9c6a63a1de276a649,33,Male,"No, I have no issues seeing colours",Yes,United States,Yes,Full-Time,2061,34.35,True,
657ca800404c8884226c8f42,20,Male,"No, I have no issues seeing colours",Yes,United States,Yes,Part-Time,2096,34.93333333333333,True,
5d91daf3704e790018f47229,34,Male,"No, I have no issues seeing colours",Yes,United States,No,Full-Time,1334,22.233333333333334,True,
6781563ac4093eb7a7433ff3,31,Female,"No, I have no issues seeing colours",Yes,United Kingdom,Yes,Part-Time,2850,47.5,True,
6740484e188a64793529ee77,32,Male,"No, I have no issues seeing colours",Yes,United States,Yes,Full-Time,2450,40.833333333333336,True,
5a9bbda1f6dfdd0001ea9639,29,Female,"No, I have no issues seeing colours",Yes,United Kingdom,No,"Not in paid work (e.g. homemaker', 'retired or disabled)",1663,27.716666666666665,True,
676063838d4db0d3eaa69c2b,28,Male,"No, I have no issues seeing colours",Yes,United States,No,Full-Time,2303,38.38333333333333,True,
6033fd8bc8659800086d87b0,34,Female,"No, I have no issues seeing colours",Yes,United States,NA,Full-Time,1886,31.433333333333334,True,
677aae4e7390567a435c3c23,19,Female,"No, I have no issues seeing colours",Yes,United States,No,Part-Time,3099,51.65,True,
655f9f56990f2a2d957b1cad,22,Female,"No, I have no issues seeing colours",Yes,United States,NA,NA,4697,78.28333333333333,True,
5a6eac90d5d4cb0001d6815a,30,Female,"No, I have no issues seeing colours",Yes,United States,No,Part-Time,1780,29.666666666666668,True,
5f974c72a0ed8c0f9ce724ea,34,Male,"No, I have no issues seeing colours",Yes,United States,No,Part-Time,1732,28.866666666666667,True,
66d9fc2d2b46f520118ea65f,35,Male,"No, I have no issues seeing colours",Yes,United States,No,Full-Time,2265,37.75,True,
671469967e2a4f2e612e3846,33,Female,"No, I have no issues seeing colours",Yes,United States,No,Full-Time,1927,32.11666666666667,True,
665f97db56096b743c2332b1,34,Male,"No, I have no issues seeing colours",Yes,United States,No,NA,1790,29.833333333333332,True,
67227eb3d24e7ab203397120,34,Female,"No, I have no issues seeing colours",Yes,United Kingdom,No,Due to start a new job within the next month,2160,36.0,True,
678b95e7567348686a870e6b,27,Male,"No, I have no issues seeing colours",Yes,United States,No,Part-Time,3497,58.28333333333333,True,
67824ed63aa44baedbe5d46f,23,Male,"No, I have no issues seeing colours",Yes,United States,Yes,Part-Time,2375,39.583333333333336,True,
662ddcfc1103d1acda67d937,35,Female,"No, I have no issues seeing colours",Yes,United States,No,NA,1700,28.333333333333332,True,
60fdc934e81b93f92f561d76,25,Female,"No, I have no issues seeing colours",Yes,United States,NA,NA,1857,30.95,True,
67855ba77a8e1aaf8e477978,18,Female,"No, I have no issues seeing colours",Yes,United States,Yes,Part-Time,1771,29.516666666666666,True,
610341bbc7f7114aea9a2cea,23,Female,"No, I have no issues seeing colours",Yes,United States,No,Unemployed (and job seeking),1919,31.983333333333334,True,
649d257f5e8bfe6ee264e160,34,Male,"No, I have no issues seeing colours",Yes,United States,No,Full-Time,6177,102.95,True,
66eddeb07ae1f7510780b109,32,Female,"No, I have no issues seeing colours",Yes,United States,Yes,Full-Time,2249,37.483333333333334,True,
677e333ee5769779d2fb960f,35,Female,"No, I have no issues seeing colours",Yes,United States,Yes,Part-Time,2851,47.516666666666666,True,
671fbc510bb94767d36db746,22,Female,"No, I have no issues seeing colours",Yes,United States,NA,Full-Time,2189,36.483333333333334,True,
5d6513f46f5284000118ef1d,26,Male,"No, I have no issues seeing colours",Yes,United States,Yes,Part-Time,2421,40.35,True,
67253dbcd4950a2168aa7741,26,Female,"No, I have no issues seeing colours",Yes,United Kingdom,Yes,Part-Time,2311,38.516666666666666,True,
66122c3b55a1487b4e58e292,25,Male,"No, I have no issues seeing colours",Yes,United States,Yes,Full-Time,1785,29.75,True,
676eb8d5dd1b9e51d21ec734,34,Female,"No, I have no issues seeing colours",Yes,United Kingdom,No,Full-Time,3062,51.03333333333333,True,
673283141ee7ec9141e8bcf4,30,Male,"No, I have no issues seeing colours",Yes,United States,No,Part-Time,1274,21.233333333333334,True,
678a7c0fa6dada0f1ffae746,18,Male,"No, I have no issues seeing colours",Yes,United Kingdom,Yes,Part-Time,3556,59.266666666666666,True,
6756136f0ec6aed35dfcfd02,26,Female,"No, I have no issues seeing colours",Yes,United States,No,Full-Time,2972,49.53333333333333,True,
63e6378e04ade071ebf9ff9c,32,Male,"No, I have no issues seeing colours",Yes,United Kingdom,No,Full-Time,2187,36.45,True,
6780b105e7a5923128d8457d,19,Female,"No, I have no issues seeing colours",Yes,United States,Yes,Unemployed (and job seeking),2098,34.96666666666667,True,
663929054c48656122cd8aa1,33,Female,"No, I have no issues seeing colours",Yes,United States,NA,NA,2956,49.266666666666666,True,
60ff8f48909c68ae805ea2ba,22,Female,"No, I have no issues seeing colours",Yes,United States,Yes,Due to start a new job within the next month,2005,33.416666666666664,True,
5a6e8532e6cc4a0001b6d728,34,Female,"No, I have no issues seeing colours",Yes,United States,No,Part-Time,2464,41.06666666666667,True,
678851f427536397f63120bf,31,Female,"No, I have no issues seeing colours",Yes,United States,No,"Not in paid work (e.g. homemaker', 'retired or disabled)",1966,32.766666666666666,True,
670cf1827819b4f39133584b,21,Male,"No, I have no issues seeing colours",Yes,United States,No,Full-Time,1594,26.566666666666666,True,
671f3e367fa293418ae68c42,21,Female,"No, I have no issues seeing colours",Yes,United States,No,Unemployed (and job seeking),2193,36.55,True,
666ee5994b49ad9236867a62,28,Female,"No, I have no issues seeing colours",Yes,United Kingdom,Yes,Full-Time,1711,28.516666666666666,True,
676ef830be06454935800ec3,21,Male,"No, I have no issues seeing colours",Yes,United States,Yes,Part-Time,2857,47.61666666666667,True,
5d776e218a8d1d00166d36a6,34,Male,"No, I have no issues seeing colours",Yes,United Kingdom,No,Full-Time,1638,27.3,True,
674d61ec8e80ca5159d6aa56,20,Female,"No, I have no issues seeing colours",Yes,United States,Yes,Part-Time,2739,45.65,True,
5f4539788c48690d1f71bfcc,27,Male,"No, I have no issues seeing colours",Yes,United Kingdom,No,"Not in paid work (e.g. homemaker', 'retired or disabled)",2692,44.86666666666667,True,
6631185d17f78b1877ba88cb,29,Female,"No, I have no issues seeing colours",Yes,United States,NA,NA,2174,36.233333333333334,True,
66f5c81fa771db6db1bc2382,19,Male,"No, I have no issues seeing colours",Yes,United States,Yes,Part-Time,1802,30.033333333333335,True,
62fb84322433c8d7e890a145,23,Female,"No, I have no issues seeing colours",Yes,United States,No,Unemployed (and job seeking),1783,29.716666666666665,True,
675563a5f637982ac82b47ad,28,Male,"No, I have no issues seeing colours",Yes,United States,No,Full-Time,2799,46.65,True,
676b5cae2bdeb2fceba3e9cb,19,Male,"No, I have no issues seeing colours",Yes,United States,Yes,Unemployed (and job seeking),1713,28.55,True,
6773f03382962d5d8c2ca38a,21,Male,"No, I have no issues seeing colours",Yes,United States,No,Part-Time,3223,53.71666666666667,True,
672b60eb227e2b01fd1f88b5,28,Female,"No, I have no issues seeing colours",Yes,United Kingdom,No,Part-Time,2202,36.7,True,
5df70c5ae69d0a4d623d9cbf,33,Female,"No, I have no issues seeing colours",Yes,United States,No,Full-Time,1661,27.683333333333334,True,
6754d95f656838004bc46eed,18,Male,"No, I have no issues seeing colours",Yes,United States,No,"Not in paid work (e.g. homemaker', 'retired or disabled)",2964,49.4,True,
66c608b7c916342fbca4d075,35,Male,"No, I have no issues seeing colours",Yes,United States,No,Full-Time,3161,52.68333333333333,True,
5c0245f0a9d1ef00011816ea,34,Male,"No, I have no issues seeing colours",Yes,United States,No,Full-Time,1781,29.683333333333334,True,
5c2c62542c45d400014a32e6,30,Male,"No, I have no issues seeing colours",Yes,United States,No,Part-Time,1759,29.316666666666666,True,
6779262b285a5b12c721ecee,33,Male,"No, I have no issues seeing colours",Yes,United Kingdom,No,Full-Time,2910,48.5,True,
66c8abe49537b182dcbd2049,30,Male,"No, I have no issues seeing colours",Yes,United States,No,Part-Time,1821,30.35,True,
565a3d24c51d430005875042,30,Female,"No, I have no issues seeing colours",Yes,United States,NA,NA,2260,37.666666666666664,True,
6727e10a76e80949064e1e6c,34,Female,"No, I have no issues seeing colours",Yes,United States,Yes,Full-Time,2871,47.85,True,
67896c4807b59990758d8491,25,Female,"No, I have no issues seeing colours",Yes,United Kingdom,No,Full-Time,3510,58.5,True,
668f41cc549b163c5d45534e,34,Male,"No, I have no issues seeing colours",Yes,United States,No,Full-Time,1414,23.566666666666666,True,
678ac1267cd2b3ce8d1fbf69,32,Male,"No, I have no issues seeing colours",Yes,United States,No,Part-Time,1891,31.516666666666666,True,
6612a3d099bbffc5cc1eebff,24,Male,"No, I have no issues seeing colours",Yes,United Kingdom,No,NA,2547,42.45,True,
5df967d2f6191f6e87b236e6,34,Male,"No, I have no issues seeing colours",Yes,United States,No,Full-Time,1429,23.816666666666666,True,
612039d9400fae9545b3c5a8,34,Male,"No, I have no issues seeing colours",Yes,United States,No,Full-Time,3430,57.166666666666664,True,
67196116a2212bed3b93f4dc,31,Male,"No, I have no issues seeing colours",Yes,United Kingdom,No,Full-Time,3521,58.68333333333333,True,
65de5ddcc637719fe458fc76,31,Male,"No, I have no issues seeing colours",Yes,United States,No,Full-Time,2574,42.9,True,
6736142695794b6108842ed2,33,Male,"No, I have no issues seeing colours",Yes,United States,No,Full-Time,1742,29.033333333333335,True,
67863d420c27f3b6e5f57073,18,Female,"No, I have no issues seeing colours",Yes,United States,Yes,Part-Time,1921,32.016666666666666,True,
678b749494dd9deb974cb25f,30,Female,"No, I have no issues seeing colours",Yes,United States,NA,Full-Time,2196,36.6,True,
58a229e74d580c0001e0a766,35,Male,"No, I have no issues seeing colours",Yes,United States,No,NA,1809,30.15,True,
67329e974d0c9d4221e4c4ac,26,Female,"No, I have no issues seeing colours",Yes,United States,No,Full-Time,2251,37.516666666666666,True,
6630ec1ebe18d48a3cecb54e,33,Male,"No, I have no issues seeing colours",Yes,United States,No,Full-Time,1798,29.966666666666665,True,
6787a95f87a6e4a695780b13,31,Male,"No, I have no issues seeing colours",Yes,United States,Yes,Part-Time,2747,45.78333333333333,True,
677b43188ec54f1186b62411,32,Female,"No, I have no issues seeing colours",Yes,United States,No,"Not in paid work (e.g. homemaker', 'retired or disabled)",1619,26.983333333333334,True,
64143c6c286640f3d1348cf8,27,Male,"No, I have no issues seeing colours",Yes,United States,NA,NA,3443,57.38333333333333,True,
664f98c80beb5400a141ac91,33,Female,"No, I have no issues seeing colours",Yes,United States,No,"Not in paid work (e.g. homemaker', 'retired or disabled)",1790,29.833333333333332,True,
654e6dcbb060f1ea2d712339,31,Male,"No, I have no issues seeing colours",Yes,United States,No,Part-Time,1955,32.583333333333336,True,
6785fc7153cd5fe0e7d2cc0a,22,Female,"No, I have no issues seeing colours",Yes,United States,Yes,Unemployed (and job seeking),1394,23.233333333333334,True,
664f408259a7d76b52e2ae25,32,Male,"No, I have no issues seeing colours",Yes,United States,No,Unemployed (and job seeking),1642,27.366666666666667,True,
67856f922cc646ac823a1660,18,Female,"No, I have no issues seeing colours",Yes,United States,Yes,Unemployed (and job seeking),1986,33.1,True,
62786f21e2cc1d6adeea0a79,21,Female,"No, I have no issues seeing colours",Yes,United States,NA,NA,1762,29.366666666666667,True,
67813733b9f7bd24cb2745b4,24,Female,"No, I have no issues seeing colours",Yes,United States,No,"Not in paid work (e.g. homemaker', 'retired or disabled)",3241,54.016666666666666,True,
676fac81dc17021dfb5fad67,35,Female,"No, I have no issues seeing colours",Yes,United Kingdom,No,Full-Time,2565,42.75,True,
67841f5e6071ec5527f9c27f,21,Female,"No, I have no issues seeing colours",Yes,United States,Yes,Part-Time,1833,30.55,True,
661ea4cacedd4c83df3a2dcb,35,Female,"No, I have no issues seeing colours",Yes,United States,NA,NA,1823,30.383333333333333,True,
674dc32400f538862eb27f89,30,Male,"No, I have no issues seeing colours",Yes,United Kingdom,No,Full-Time,3043,50.71666666666667,True,
672a3b3af4fe3ca8478cd6c6,21,Female,"No, I have no issues seeing colours",Yes,United States,Yes,Other,2048,34.13333333333333,True,
660e2337aad9e33736f08e84,26,Male,"No, I have no issues seeing colours",Yes,United States,Yes,"Not in paid work (e.g. homemaker', 'retired or disabled)",2057,34.28333333333333,True,
60e5cb4ca01a593fce9a379d,34,Male,"No, I have no issues seeing colours",Yes,United States,No,Full-Time,1728,28.8,True,
67880f3fcfe89c43f375f668,24,Male,"No, I have no issues seeing colours",Yes,United States,No,Part-Time,1465,24.416666666666668,True,
671eff2e0b8f048504452726,27,Female,"No, I have no issues seeing colours",Yes,United Kingdom,No,Full-Time,2290,38.166666666666664,True,
671050c226ff82aa6081d587,32,Female,"No, I have no issues seeing colours",Yes,United States,Yes,Full-Time,2275,37.916666666666664,True,
67693470121578a6dff417d2,25,Male,"No, I have no issues seeing colours",Yes,United Kingdom,No,Full-Time,2119,35.31666666666667,True,
6500aa732c4f0eb077f8c809,22,Female,"No, I have no issues seeing colours",Yes,United States,No,"Not in paid work (e.g. homemaker', 'retired or disabled)",6323,105.38333333333334,True,
676e81c9c452593cbf114baf,21,Male,"No, I have no issues seeing colours",Yes,United Kingdom,Yes,Part-Time,4023,67.05,True,
6699571ba83beb19c5acbfef,23,Female,"No, I have no issues seeing colours",Yes,United States,Yes,NA,2237,37.28333333333333,True,
67358110193306101974db30,33,Female,"No, I have no issues seeing colours",Yes,United States,No,Unemployed (and job seeking),3039,50.65,True,
6710e7d85362bdd95a82bcbf,32,Female,"No, I have no issues seeing colours",Yes,United States,No,Full-Time,4681,78.01666666666667,True,
5cd063ce657e300016f6c95a,33,Male,"No, I have no issues seeing colours",Yes,United States,No,Part-Time,2989,49.81666666666667,True,
583d5dd49c5f2a0001b85f40,28,Female,"No, I have no issues seeing colours",Yes,United States,NA,NA,2024,33.733333333333334,True,
61216580798476e2db75fc79,27,Female,"No, I have no issues seeing colours",Yes,United States,No,Full-Time,1700,28.333333333333332,True,
66b435b1d2d981a3ab684c2d,32,Female,"No, I have no issues seeing colours",Yes,United States,No,Part-Time,1925,32.083333333333336,True,
673d814ffa7de7d961e6bc53,18,Female,"No, I have no issues seeing colours",Yes,United States,Yes,Other,1630,27.166666666666668,True,
58d1f1038084450001956fdc,35,Male,"No, I have no issues seeing colours",Yes,United States,No,Unemployed (and job seeking),1321,22.016666666666666,True,
675c3fae9f1afa4c4207dab3,32,Male,"No, I have no issues seeing colours",Yes,United States,No,Full-Time,1629,27.15,True,
669be65b7f0c1a71305969d1,34,Female,"No, I have no issues seeing colours",Yes,United States,Yes,Full-Time,3022,50.36666666666667,True,
61052deed380657fcbe37682,25,Female,"No, I have no issues seeing colours",Yes,United Kingdom,Yes,Other,4476,74.6,True,
5cf398a1e55efc000127adae,31,Female,"No, I have no issues seeing colours",Yes,United Kingdom,No,Part-Time,2260,37.666666666666664,True,
6711c745bcc0626c2de36d07,34,Male,"No, I have no issues seeing colours",Yes,United States,No,Full-Time,1834,30.566666666666666,True,
6643d97ef7bef1480ec1166b,21,Female,"No, I have no issues seeing colours",Yes,United States,NA,NA,2340,39.0,True,
678755cc09f64198c984b217,19,Female,"No, I have no issues seeing colours",Yes,United States,Yes,Part-Time,1889,31.483333333333334,True,
67808d0260180c6133619b2b,20,Male,"No, I have no issues seeing colours",Yes,United States,Yes,Unemployed (and job seeking),1712,28.533333333333335,True,
66046ee084b12b781cb49495,28,Male,"No, I have no issues seeing colours",Yes,United States,No,Unemployed (and job seeking),1726,28.766666666666666,True,
605e42cc59833acecfd3f301,29,Female,"No, I have no issues seeing colours",Yes,United States,No,Part-Time,2071,34.516666666666666,True,
653ed34dfa601f3952c72ed4,24,Female,"No, I have no issues seeing colours",Yes,United States,Yes,NA,2185,36.416666666666664,True,
675ed2ef6a6a6ae2ce682c30,31,Female,"No, I have no issues seeing colours",Yes,United States,No,Part-Time,1724,28.733333333333334,True,
67851f4cba98f2087f182764,32,Male,"No, I have no issues seeing colours",Yes,United Kingdom,No,Full-Time,3429,57.15,True,
5d4869cc692e5400197a980c,27,Male,"No, I have no issues seeing colours",Yes,United States,NA,Part-Time,1585,26.416666666666668,True,
672ba9e5dbe3b9649ad3864d,30,Female,"No, I have no issues seeing colours",Yes,United Kingdom,No,Full-Time,3623,60.38333333333333,True,
65c181b4de219e8c75ae4fb8,29,Female,"No, I have no issues seeing colours",Yes,United States,No,Full-Time,2148,35.8,True,
66b0103854c074757187d029,35,Female,"No, I have no issues seeing colours",Yes,United States,Yes,Full-Time,4531,75.51666666666667,True,
6738d09a032bf7224008ce7e,24,Male,"No, I have no issues seeing colours",Yes,United Kingdom,No,Full-Time,2842,47.36666666666667,True,
67822f906480ae6f11bf6942,23,Male,"No, I have no issues seeing colours",Yes,United States,No,Full-Time,2502,41.7,True,
564e93659b124900127eb55b,32,Male,"No, I have no issues seeing colours",Yes,United States,No,Full-Time,4003,66.71666666666667,True,
6747d17ec4d287d32e597fa9,29,Male,"No, I have no issues seeing colours",Yes,United States,Yes,Part-Time,2882,48.03333333333333,True,
671d2c608d56f868207f9e9e,34,Female,"No, I have no issues seeing colours",Yes,United Kingdom,No,Other,2862,47.7,True,
66a6bbb40b48d0e4f326767e,33,Male,"No, I have no issues seeing colours",Yes,United States,Yes,Full-Time,2924,48.733333333333334,True,
5da6139c002c29001335b5a2,30,Male,"No, I have no issues seeing colours",Yes,United States,Yes,Full-Time,2312,38.53333333333333,True,
6786e77f621a9c066c534e78,22,Female,"No, I have no issues seeing colours",Yes,United States,Yes,Part-Time,1797,29.95,True,
66fb8a3730fd6deba2e671e3,27,Female,"No, I have no issues seeing colours",Yes,United States,No,NA,2181,36.35,True,
671c5ad0eb30c87c11b22ec4,35,Female,"No, I have no issues seeing colours",Yes,United States,No,NA,2103,35.05,True,
5eb342dff78ab11407daf144,24,Female,"No, I have no issues seeing colours",Yes,United States,Yes,Other,1583,26.383333333333333,True,
6752092030f55f6f6a50df9e,23,Female,"No, I have no issues seeing colours",Yes,United Kingdom,Yes,Full-Time,4684,78.06666666666666,True,
55ec49b67480920010aaa4e8,35,Female,"No, I have no issues seeing colours",Yes,United States,No,Full-Time,1482,24.7,True,
677fe9d3bafd440269d2ef89,22,Female,"No, I have no issues seeing colours",Yes,United Kingdom,Yes,Part-Time,2448,40.8,True,
6711263a9c4a226969aeb686,32,Male,"No, I have no issues seeing colours",Yes,United Kingdom,No,Full-Time,5780,96.33333333333333,True,
6733c03807f9f957e2eb1382,31,Male,"No, I have no issues seeing colours",Yes,United States,No,Full-Time,1817,30.283333333333335,True,
678e92010390e1c202944292,24,Male,"No, I have no issues seeing colours",Yes,United States,Yes,Part-Time,1544,25.733333333333334,True,
67628bf652610e40de8a09e8,26,Female,"No, I have no issues seeing colours",Yes,United Kingdom,No,Full-Time,2795,46.583333333333336,True,
677bbed2d896aee8efecb51d,32,Female,"No, I have no issues seeing colours",Yes,United Kingdom,No,Full-Time,3986,66.43333333333334,True,
5e76d2652d882b2481d65066,25,Female,"No, I have no issues seeing colours",Yes,United States,Yes,Full-Time,2013,33.55,True,
67438c306d8298ec577da281,22,Female,"No, I have no issues seeing colours",Yes,United States,No,Part-Time,2630,43.833333333333336,True,
5efe44bebdee09152fe08acc,35,Male,"No, I have no issues seeing colours",Yes,United States,No,Other,1575,26.25,True,
6764736f0048fc3595fbb944,26,Female,"No, I have no issues seeing colours",Yes,United States,No,Full-Time,3741,62.35,True,
66e28103f28d6e15a3f4f1f0,20,Female,"No, I have no issues seeing colours",Yes,United States,Yes,Part-Time,2533,42.21666666666667,True,
676d800c5499f924389756b5,33,Female,"No, I have no issues seeing colours",Yes,United States,No,"Not in paid work (e.g. homemaker', 'retired or disabled)",1888,31.466666666666665,True,
610b002738dd01f26e493999,23,Female,"No, I have no issues seeing colours",Yes,United States,No,Part-Time,2714,45.233333333333334,True,
6111ec391b7048bb53089f5d,21,Female,"No, I have no issues seeing colours",Yes,United States,Yes,Part-Time,2115,35.25,True,
67519b91595db9a046359da0,24,Male,"No, I have no issues seeing colours",Yes,United Kingdom,Yes,Part-Time,2236,37.266666666666666,True,
590ffed3f128850001ada77b,31,Female,"No, I have no issues seeing colours",Yes,United States,No,Full-Time,2580,43.0,True,
67207ddb95109f11e89dcfb8,34,Female,"No, I have no issues seeing colours",Yes,United States,Yes,Full-Time,1854,30.9,True,
67826c0cd5858c9d420da7ff,22,Male,"No, I have no issues seeing colours",Yes,United Kingdom,No,Full-Time,2691,44.85,True,
6773fd82b205d22a2e097d3f,24,Male,"No, I have no issues seeing colours",Yes,United States,No,Full-Time,3951,65.85,True,
5f4d3cb5fdda0b2c403fb801,27,Prefer not to say,"No, I have no issues seeing colours",Yes,United States,NA,NA,2927,48.78333333333333,True,
676af7a57cae28cecaf83c68,29,Male,"No, I have no issues seeing colours",Yes,United States,Yes,Unemployed (and job seeking),2044,34.06666666666667,True,
67228eb9f3f694a42b636b7f,21,Male,"No, I have no issues seeing colours",Yes,United States,Yes,Other,1443,24.05,True,
615b01ee4cd1755b6144e0a4,25,Female,"No, I have no issues seeing colours",Yes,United States,NA,NA,2720,45.333333333333336,True,
66505efb53953d2da6e1a8cd,23,Male,"No, I have no issues seeing colours",Yes,United States,NA,NA,1980,33.0,True,
669284eabea5b8c9655927da,26,Male,"No, I have no issues seeing colours",Yes,United States,No,Unemployed (and job seeking),3527,58.78333333333333,True,
674ba6a23248254461461b54,20,Male,"No, I have no issues seeing colours",Yes,United States,No,Unemployed (and job seeking),1757,29.283333333333335,True,
67842352fc58491ff1f4de9d,25,Male,"No, I have no issues seeing colours",Yes,United States,No,Full-Time,2474,41.233333333333334,True,
5b19f4854c72120001f1e1b3,29,Male,"No, I have no issues seeing colours",Yes,United States,No,Unemployed (and job seeking),3467,57.78333333333333,True,
677a8ed897bc0e0f12d23e86,22,Male,"No, I have no issues seeing colours",Yes,United States,No,Full-Time,2870,47.833333333333336,True,
678e46af9bf54902d3db189f,31,Female,"No, I have no issues seeing colours",Yes,United States,Yes,"Not in paid work (e.g. homemaker', 'retired or disabled)",4762,79.36666666666666,True,
5ec0ba1bfa01894cceaa1b8e,35,Female,"No, I have no issues seeing colours",Yes,United States,No,Full-Time,2191,36.516666666666666,True,
64012a2623351894f2917605,35,Male,"No, I have no issues seeing colours",Yes,United States,No,"Not in paid work (e.g. homemaker', 'retired or disabled)",2112,35.2,True,
6761f8be0534cd92e822e611,23,Female,"No, I have no issues seeing colours",Yes,United States,No,Unemployed (and job seeking),1836,30.6,True,
678d4b5574c6a54d8f4cafd8,27,Male,"No, I have no issues seeing colours",Yes,United States,No,Full-Time,1666,27.766666666666666,True,
630386f64c5bbd56ab1c3b0f,34,Female,"No, I have no issues seeing colours",Yes,United States,No,Full-Time,1879,31.316666666666666,True,
5b68c9eb87af310001584803,28,Male,"No, I have no issues seeing colours",Yes,United Kingdom,No,Full-Time,1446,24.1,True,
6740f034985ba328ea9bacbf,27,Male,"No, I have no issues seeing colours",Yes,United Kingdom,Yes,Part-Time,3478,57.96666666666667,True,
664ba1d1d71301161344e2a5,27,Male,"No, I have no issues seeing colours",Yes,United Kingdom,No,Part-Time,1791,29.85,True,
655fd5be8c6f7bfe39e75e96,34,Female,"No, I have no issues seeing colours",Yes,United States,No,Full-Time,1980,33.0,True,
6779f13fe54a982becaa1b3f,27,Female,"No, I have no issues seeing colours",Yes,United States,No,Unemployed (and job seeking),3109,51.81666666666667,True,
6761e9f88b9ec3f7f3d16c01,21,Male,"No, I have no issues seeing colours",Yes,United States,No,Unemployed (and job seeking),2685,44.75,True,
6701b597d540eba733ee58c9,31,Male,"No, I have no issues seeing colours",Yes,United States,Yes,Unemployed (and job seeking),1568,26.133333333333333,True,
671e39c25e5e3f340a6f21d4,31,Male,"No, I have no issues seeing colours",Yes,United Kingdom,No,NA,2982,49.7,True,
677c4a2cd686c6b6cfd1ba2a,23,Male,"No, I have no issues seeing colours",Yes,United States,No,Other,2571,42.85,True,
6786d027b56713ac675fbbb1,18,Female,"No, I have no issues seeing colours",Yes,United States,Yes,Other,2701,45.016666666666666,True,
678434b875eab5b07a505724,18,Male,"No, I have no issues seeing colours",Yes,United States,Yes,Unemployed (and job seeking),2374,39.56666666666667,True,
65f9200b96211e5163eb912e,28,Female,"No, I have no issues seeing colours",Yes,United States,No,Full-Time,2312,38.53333333333333,True,
6766dee165ff1cc0f8decea0,26,Female,"No, I have no issues seeing colours",Yes,United States,Yes,Full-Time,2335,38.916666666666664,True,
6777abf880939363db7a36c1,29,Male,"No, I have no issues seeing colours",Yes,United States,No,Full-Time,1917,31.95,True,
6643bcf4ed868a9901a9dd7d,26,Male,"No, I have no issues seeing colours",Yes,United States,No,Unemployed (and job seeking),1698,28.3,True,
676866e58c692de18dac2de9,22,Female,"No, I have no issues seeing colours",Yes,United States,No,Part-Time,2832,47.2,True,
66625801c143ca548bcac338,25,Male,"No, I have no issues seeing colours",Yes,United States,No,Other,2349,39.15,True,
673e759016f888e8212c0c1f,27,Female,"No, I have no issues seeing colours",Yes,United States,Yes,Full-Time,1875,31.25,True,
66463ff40a36377060b19272,33,Female,"No, I have no issues seeing colours",Yes,United States,No,"Not in paid work (e.g. homemaker', 'retired or disabled)",2653,44.21666666666667,True,
6734c8a6c51b8aee49adbd1b,26,Female,"No, I have no issues seeing colours",Yes,United Kingdom,No,Full-Time,3622,60.36666666666667,True,
66f8367b5310ebb97346b93c,20,Male,"No, I have no issues seeing colours",Yes,United States,Yes,Other,2119,35.31666666666667,True,
60a48adfe091e410f4eaba34,31,Male,"No, I have no issues seeing colours",Yes,United States,Yes,NA,2169,36.15,True,
65d863e56337aa59292ccd66,33,Female,"No, I have no issues seeing colours",Yes,United States,No,Part-Time,1670,27.833333333333332,True,
65cba5349f4e1e5dfbe80fe8,22,Female,"No, I have no issues seeing colours",Yes,United States,No,Unemployed (and job seeking),1626,27.1,True,
678969200a76abe09fd2a75c,28,Male,"No, I have no issues seeing colours",Yes,United Kingdom,Yes,Full-Time,3344,55.733333333333334,True,
6738acfff83934e21342c109,31,Male,"No, I have no issues seeing colours",Yes,United Kingdom,Yes,Full-Time,1838,30.633333333333333,True,
67343fb98c1f4f89ea821878,24,Female,"No, I have no issues seeing colours",Yes,United States,No,Full-Time,4701,78.35,True,
674b47940b75eb06298f0c67,29,Female,"No, I have no issues seeing colours",Yes,United States,No,Full-Time,4554,75.9,True,
6779e07aeb6a0e66e84ae0e7,24,Male,"No, I have no issues seeing colours",Yes,United States,No,Full-Time,1532,25.533333333333335,True,
6787c530d8f7650e446d17a1,33,Male,"No, I have no issues seeing colours",Yes,United Kingdom,No,Full-Time,3925,65.41666666666667,True,
6772e011adc3bb3fd579cdb9,25,Male,"No, I have no issues seeing colours",Yes,United States,No,Full-Time,6152,102.53333333333333,True,
663b638be7226d4e3fcc255f,27,Female,"No, I have no issues seeing colours",Yes,United Kingdom,Yes,Part-Time,2976,49.6,True,
57dd186e6598aa0001992616,31,Male,"No, I have no issues seeing colours",Yes,United States,NA,NA,1963,32.71666666666667,True,
66969c9921e4f92ad108ed4c,25,Female,"No, I have no issues seeing colours",Yes,United States,No,Unemployed (and job seeking),2411,40.18333333333333,True,
67880bb68accd49a72b45565,18,Female,"No, I have no issues seeing colours",Yes,United States,Yes,Part-Time,1620,27.0,True,
6739ff11a2162a865c36fa64,25,Female,"No, I have no issues seeing colours",Yes,United Kingdom,No,Full-Time,5396,89.93333333333334,True,
5dac4dad5e53cc001499f1f6,34,Male,"No, I have no issues seeing colours",Yes,United States,No,Unemployed (and job seeking),2234,37.233333333333334,True,
5d634b27e5f92f0017196a3f,35,Male,"No, I have no issues seeing colours",Yes,United States,No,Full-Time,2479,41.31666666666667,True,
676a8044ed42478d4ef6493e,25,Male,"No, I have no issues seeing colours",Yes,United Kingdom,No,Full-Time,3655,60.916666666666664,True,
66564c348f25a6749f79a714,34,Male,"No, I have no issues seeing colours",Yes,United States,No,Full-Time,1710,28.5,True,
674f479b2a4ef75e4551f258,19,Male,"No, I have no issues seeing colours",Yes,United Kingdom,No,Full-Time,2178,36.3,True,
671d48bbee99c1439ae0d0de,28,Female,"No, I have no issues seeing colours",Yes,United States,No,Full-Time,3950,65.83333333333333,True,
673a37f0ad04c995c8322ca6,30,Male,"No, I have no issues seeing colours",Yes,United States,No,Full-Time,2016,33.6,True,
67094b39bddd9489c48cdc8f,18,Female,"No, I have no issues seeing colours",Yes,United States,Yes,NA,4167,69.45,True,
62e029ff528ea30b4508eaf5,22,Female,"No, I have no issues seeing colours",Yes,United States,No,NA,1762,29.366666666666667,True,
668d44c46cb23976673acd95,27,Female,"No, I have no issues seeing colours",Yes,United States,No,Unemployed (and job seeking),1318,21.966666666666665,True,
673594215b1a0b92d5835525,31,Female,"No, I have no issues seeing colours",Yes,United Kingdom,Yes,Part-Time,5792,96.53333333333333,True,
6743c8da977b0d274dad1fc2,31,Female,"No, I have no issues seeing colours",Yes,United Kingdom,Yes,Part-Time,4002,66.7,True,
67860774acf7592ed65861bb,25,Male,"No, I have no issues seeing colours",Yes,United Kingdom,Yes,Unemployed (and job seeking),3575,59.583333333333336,True,
5d76d2f7daf4bf00164d585b,30,Female,"No, I have no issues seeing colours",Yes,United States,NA,NA,6193,103.21666666666667,True,
5ac5260dfa3b4e0001736dd3,31,Male,"No, I have no issues seeing colours",Yes,United States,No,Unemployed (and job seeking),2166,36.1,True,
6759fef1b173fb9839ebe137,19,Male,"No, I have no issues seeing colours",Yes,United States,No,Full-Time,2771,46.18333333333333,True,
6646abc0720d1baaa7e0af4c,26,Female,"No, I have no issues seeing colours",Yes,United States,No,Part-Time,1711,28.516666666666666,True,
6788f11866ac65cc607b3c6a,25,Female,"No, I have no issues seeing colours",Yes,United States,No,Part-Time,3700,61.666666666666664,True,
662848c40caa342b28493265,26,Female,"No, I have no issues seeing colours",Yes,United States,Yes,Part-Time,2540,42.333333333333336,True,
67896102d98295a520a25ebb,29,Male,"No, I have no issues seeing colours",Yes,United Kingdom,No,Full-Time,2554,42.56666666666667,True,
671609ab4a3f2c6c76dfe9d8,25,Male,"No, I have no issues seeing colours",Yes,United Kingdom,No,Part-Time,3684,61.4,True,
67896d4bcf7daeb9b9c6945e,22,Male,"No, I have no issues seeing colours",Yes,United Kingdom,Yes,Part-Time,2577,42.95,True,
6501c0a2e788b5556c24569d,28,Male,"No, I have no issues seeing colours",Yes,United Kingdom,Yes,NA,2173,36.21666666666667,True,
65d563ecf8df20ade2f17888,26,Female,"No, I have no issues seeing colours",Yes,United States,No,Unemployed (and job seeking),2480,41.333333333333336,True,
672a89bc5e3d67a9fdbdf803,24,Male,"No, I have no issues seeing colours",Yes,United Kingdom,Yes,Full-Time,2763,46.05,True,
6778cbf3f0597689c7b5cb4a,29,Female,"No, I have no issues seeing colours",Yes,United States,No,Part-Time,2973,49.55,True,
